{"cameraMode":{"drawMode":0,"name":"Shaded","section":"Shading Mode"},"sceneLighting":true,"audioPlay":false,"sceneViewState":{"showFog":true,"showMaterialUpdate":false,"showSkybox":true,"showFlares":true,"showImageEffects":true,"showParticleSystems":true,"showVisualEffectGraphs":true,"m_FxEnabled":true},"in2DMode":false,"pivot":{"x":-38.543521881103519,"y":-55.864585876464847,"z":-52.11513137817383},"rotation":{"x":-0.16748276352882386,"y":0.019812269136309625,"z":-0.0033663774374872448,"w":-0.9856739640235901},"size":17.012027740478517,"orthographic":false}